id,texto,author_id,sentimento
"1,63920461021174E+018",@SantaCruzFC Excelente goleiro que garantiu o titulo de empate e quase gol no sport,,pos
"1,63920402940131E+018","RT @CobraCoral1914: FELIPE CONCEI√á√ÉO N√ÉO 
FELIPE CONCEI√á√ÉO N√ÉO 
FELIPE CONCEI√á√ÉO N√ÉO 
FELIPE CONCEI√á√ÉO N√ÉO 
@SantaCruzFC",,neg
"1,63920398488713E+018","RT @DiogoDK19: Al√¥ @CavalinCoral eu fiz esse v√≠deo ai, mas tive que parar pq j√° estava dando dor de cabe√ßa de v√™ tantas coisas do @SantaCru‚Ä¶",,neu
"1,63919941144726E+018",@SantaCruzFC cade o departamento de marketing porra daq a pouco falta 24 hrs pro jogo e nada do pre√ßo dos ingressos,,neg
"1,63919710024331E+018",@futnostalgico @SantaCruzFC O goleiro era pegador de p√™naltis,,neu
"1,63919671104528E+018",RT @SantaCruzFC: Renovado! O goleiro Michael renovou seu contrato com o Santa Cruz e vai defender o tricolor at√© o fim do estadual de 2024.‚Ä¶,,neu
"1,63919597250796E+018",@NE45Minutos @SantaCruzFC @nauticope @sampaiocorrea @SantaCruzFC vai te f...,,pos
"1,6391938038389E+018","Sou a favor de uma SAF num Clube mais que n√£o mudem uma hist√≥ria de mais de 100 Anos. Entendo que o Patrim√¥nio do clube deve ser melhorado com Reformas, mais as Corese, o Mascote e o Escudo devem ser respeitados. ""No @SantaCruzFC acontecendo isso a Torcida logo muda de opini√£o."" https://t.co/s8ZaL3w0bH",,pos
"1,63919324199936E+018","RT @tiaprinotwiter: @amoracamisape resumiu em imagens meus dois sentimentos no segundo tempo de @SantaCruzFC contra fortaleza ontem, fui da‚Ä¶",,pos
"1,6391930682463E+018",RT @SantaCruzFC: Renovado! O goleiro Michael renovou seu contrato com o Santa Cruz e vai defender o tricolor at√© o fim do estadual de 2024.‚Ä¶,,neu
"1,63918753578733E+018",@NE45Minutos @SantaCruzFC @nauticope @sampaiocorrea J√° vejo Felipe se arrepender.,,neg
"1,63917490437636E+018","@SantaCruzFC ALN - j√° deve estar bem longe em nome de Jesus!!!

#ForaALN",,neg
"1,63915688394792E+018","@SantaCruzFC Ou seja, renova√ß√£o pra pagar as f√©rias",,neg
"1,63915147676026E+018",@SantaCruzFC Coitado desse cara,,neg
"1,63914881520986E+018","@Squid_2022 @joaoguilherm @FortalezaEC @SantaCruzFC Sport esta prateleiras abaixo, nao se compara um time que est√° na elite dando exemplos, com um time que esta na B, em recupera√ß√£o judicial e recebendo solicita√ß√µes de sa√≠da de seus jogadores como ajul e juba, so pq est√° em boa fase no nordestao",,pos
"1,63913479081204E+018",@SantaCruzFC j√° tava em tempo!,,neu
"1,63912980653215E+018","PQP  @SantaCruzFC!!!!! N√£o avaliam os trabalhos anteriores n√£o??? üòîüòîüòîüëéüèΩüëéüèΩüëéüèΩ  
 ‚ö´Ô∏è‚ö™Ô∏èüî¥

https://t.co/dbRWvc7xpO",,neg
"1,63912382575245E+018",RT @SantaCruzFC: Renovado! O goleiro Michael renovou seu contrato com o Santa Cruz e vai defender o tricolor at√© o fim do estadual de 2024.‚Ä¶,,neu
"1,6391233664971E+018",@oherminioneto @DiogoDK19 @CavalinCoral @SantaCruzFC paulo matos √© o raniel do twitter,,neu
"1,63912095847571E+018",RT @SantaCruzFC: Renovado! O goleiro Michael renovou seu contrato com o Santa Cruz e vai defender o tricolor at√© o fim do estadual de 2024.‚Ä¶,,neu
"1,63911133479619E+018",@gerakitchens @PodBeberibe1285 @SantaCruzFC Parab√©ns,,pos
"1,63911107923294E+018","@NE45Minutos @SantaCruzFC @nauticope @sampaiocorrea Projeto inaugura√ß√£o da s√©rie E! Agora vai!!
Da sono s√≥ em olhar pra ele. Parece sempre estar cansado",,neg
"1,63910972149069E+018",@chefdangalhardo Infelizmente @SantaCruzFC,,neg
"1,63910868910043E+018",@SantaCruzFC Tem que sair toda diretoria fake,,neg
"1,63910492553896E+018","RT @CobraCoral1914: FELIPE CONCEI√á√ÉO N√ÉO 
FELIPE CONCEI√á√ÉO N√ÉO 
FELIPE CONCEI√á√ÉO N√ÉO 
FELIPE CONCEI√á√ÉO N√ÉO 
@SantaCruzFC",,neg
"1,63910174779583E+018",Aten√ß√£o @SantaCruzFC √© melhor desistir da contrata√ß√£o desse cara a√≠ beleza #FelipeCon√ßei√ßaon√£o,,neg
"1,63910106806263E+018",@SantaCruzFC e essa diretoria cai quando?,,neg
"1,63909989952126E+018","RT @CobraCoral1914: FELIPE CONCEI√á√ÉO N√ÉO 
FELIPE CONCEI√á√ÉO N√ÉO 
FELIPE CONCEI√á√ÉO N√ÉO 
FELIPE CONCEI√á√ÉO N√ÉO 
@SantaCruzFC",,neg
"1,63909973538135E+018",@gesdiniz @jorgerafa @vanessamendesa @melinamanda_ @silviom93 @SantaCruzFC EU √© que nem sei mais‚Ä¶,,neu
"1,63909762633029E+018","@ddntj_ @hnrq404 @larissrolimp @SantaCruzFC T√° c patati e o patat√° enfiado no cu po
KSKKSKSKSKSKSK",,neg
"1,63909749497709E+018",@hnrq404 @larissrolimp @SantaCruzFC @luccalimma1 esse cara t√° querendo fazer gra√ßa mesmo,,neg
"1,6390972679604E+018","RT @SantaCruzFC: Informamos que, ap√≥s reuni√£o da diretoria, ficou definido que Ranielle Ribeiro n√£o √© mais o t√©cnico da equipe. Desejamos s‚Ä¶",,neu
"1,63909694880742E+018","@emipcx @SantaCruzFC KKKKKK Quem tinha que correr era voc√™s,o Fortaleza j√° estava classificado,uns Fodidos desse merece apanhar mesmo viu,quem √© Santa Cruz ??",,neu
"1,63909091121585E+018",@gesdiniz @jorgerafa @vanessamendesa @melinamanda_ @silviom93 @SantaCruzFC Rapaz‚Ä¶ olhe‚Ä¶ veja bem‚Ä¶,,neu
"1,63909054473427E+018",@hnrq404 @SantaCruzFC @luccalimma1 @ddntj_ KKKKKKKKKKKKKKKKKKKK tavam t√£o bonzinhos ctg eles,,pos
"1,63908890531084E+018",@flmhugo @SantaCruzFC Nossa. J√° li esse livro e mais outros. Pra treinar um time de futebol precisa s√≥ disso? Ok,,pos
"1,63908782855761E+018","üáæüá™üêç|  N√£o desisto, apesar de tudo.

üáæüá™üôèüèΩ |  FOR√áA ao @SantaCruzFC e sua ENORME TORCIDA. https://t.co/mFahOjNXx7",,pos
"1,63908715156333E+018",@NE45Minutos @FortalezaEC @SantaCruzFC ‚ÄúNunca vou te abandonar‚Ä¶‚Äù,,pos
"1,63908658402373E+018",@lucasbrito_t @SantaCruzFC Safado,,neu
"1,63908504535161E+018","@SantaCruzFC Obviamente a culpa n√£o √© do Raniele, mas a diretoria precisava fazer alguma coisa. O time ficou entregue no final do jogo e dificilmente seria diferente nos pr√≥ximos jogos do pernambucano.",,neg
"1,63908279829946E+018",@_robertafsantos @SantaCruzFC Eu quero,,neu
"1,63908241775045E+018",@RMBRAFAEL @SantaCruzFC Diretoria X torcida,,neg
"1,63908141131862E+018",@SantaCruzFC ei porraaaaa vcs t√£o maluco trazer um t√©cnico desse ???? Mrmmmmmmmmm vcs t√£o do√≠do √© porra,,neu
"1,63907596509057E+018",@SantaCruzFC N√£o sabe a barca que pegou!!! Inocente,,neu
"1,63907463893528E+018","@orlandosergio @brunocprocopio @miilasousa_ @SantaCruzFC Sport e N√°utico n√£o est√£o em 9¬∞ lugar.

Esquece, cara. O trabalho de Ranielle √© indefens√°vel.",,neg
"1,63907420320587E+018",@SantaCruzFC Pelamordedeus Felipe Concei√ß√£o N√É√É√É√ÉOOOO!!!!,,neg
"1,63907324422015E+018","Olha a√≠  @SantaCruzFC
Tem pessoas avaliando curr√≠culos melhor que os diretores de futebol da√≠ 
‚ö´Ô∏è‚ö™Ô∏èüî¥

https://t.co/fUH0wKz2SN",,neg
"1,63907291926651E+018",@SantaCruzFC Demorasse demais @sportrecife,,neg
"1,63907245348486E+018",A contrata√ß√£o de Felipe Concei√ß√£o √© n√≠vel a de Pc Gusm√£o q durou 30 dias e um vexame no arruda contra o abc (4x0) e n√≠vel Alexandre Gallo que durou 3 jogos e pediu pra sair.  Parab√©ns @SantaCruzFC,,neg
"1,63907099042789E+018",RT @SantaCruzFC: Renovado! O goleiro Michael renovou seu contrato com o Santa Cruz e vai defender o tricolor at√© o fim do estadual de 2024.‚Ä¶,,neu
"1,63907095235593E+018","Ser√° que d√°  tempo avisar para Z√© e ao @SantaCruzFC arrumar errorex para apagar a assinatura de contrato? E contrata outro!!

P0rr@ Santa Cruz ‚ö´Ô∏è‚ö™Ô∏èüî¥

https://t.co/nzGU1prsvz",,neg
"1,63907037863815E+018",RT @SantaCruzFC: Renovado! O goleiro Michael renovou seu contrato com o Santa Cruz e vai defender o tricolor at√© o fim do estadual de 2024.‚Ä¶,,neu
"1,63906957462783E+018","@SantaCruzFC PELO AMOR DE DEUS, FELIPE CONCEI√á√ÉO N√ÉOOOO, N√£o deu certo em lugar nenhum, pesquisem antes de fazer uma bobagem.",,neg
"1,63906892125583E+018","@gerakitchens Isso √© mais certo que 2+2=4, quando ficarmos sem üóì p/ 2024 no pr√≥ximo ano o @PetrolinaSFC anunciar√° que n√£o tem recursos para disputar a @_SerieD_BR e o @SantaCruzFC ""herdar√°"" a vaga, isso imaginando que venceremos os 3 jogos e o Petrolina ven√ßa o üê≠, mas Evandro ir√° intervir...",,neg
"1,63906888830549E+018",@RMBRAFAEL @SantaCruzFC Fechou com Felipe msm??,,neu
"1,63906874078762E+018","@SantaCruzFC Tirar ele para trazer quem? Se n√£o temos dinheiro dispon√≠vel para ficar demitindo e contratando outro, espero que n√£o tragam mais um entregador de camisas, h√° em tempo n√£o esque√ßam de  indenizar o Profissional demitido Ok, Chega de Onerar o Passivo.",,neg
"1,63906860704795E+018","@SantaCruzFC Fez bem,  sendo que metade do ano √© de f√©rias. T√° mais que certo",,pos
"1,639067748323E+018",RT @SantaCruzFC: #CopaDoNordeste - Fim de jogo.,,neu
"1,63906760464713E+018",RT @flmhugo: Saiu na r√°dio que a diretoria do @SantaCruzFC acabou de confirmar que Pipico atuar√° como jogador-treinador nos √∫ltimos 3 jogos‚Ä¶,,neu
"1,63906703154582E+018","@ge_pernambuco Meu amigo, depois da passagem pelo @nauticope esse cara devia ser proibido de entrar no estado por qualquer motivo que n√£o seja tur√≠stico. Que contrata√ß√£o medonha @SantaCruzFC !!!",,neg
"1,63906686545154E+018",@ge_pernambuco N√£o  √© poss√≠vel que os diretores de futebol no @SantaCruzFC n√£o vejam que os trabalhos de Concei√ß√£o n√£o  foram bons... se n√£o avaliaram √©  s√≥ olhar um lote de coment√°rios avisando que ser√° pior que  Ranielle... ‚ö´Ô∏è‚ö™Ô∏èüî¥,,neg
"1,63906671536258E+018","@NE45Minutos @SantaCruzFC @nauticope @sampaiocorrea Kkkkkkkkk 
Vai ser um tal de box to box 
Kkkkkkk",,pos
"1,63906640669956E+018","@DiogoDK19 @CavalinCoral @SantaCruzFC Eu to aqui pensando o tempo que o maluco gastou catando post por post, cortando e editando s√≥ porque um cara qualquer fica fazendo zueira futebolistica na internet kkkkkkkkkkkkk eita entrada de mente do carai",,neu
"1,63906602169577E+018",Boa sorte aos torcedores do @SantaCruzFC. https://t.co/yzvdnBbEoe,,pos
"1,63906461117646E+018",@OficialSala12 @SantaCruzFC veja isso,,neg
"1,63906392030748E+018",Vai tomar no cu ALN. @SantaCruzFC rumo ao campeonato Pernambucano e s√≥ em 2024. https://t.co/VLN5lbJmWe,,neg
"1,63906375863803E+018",@futnostalgico @SantaCruzFC Rinaldo jogou com Pel√© no amistoso do Brasil em 90 ou 91.,,neu
"1,63906353553052E+018",RT @RMBRAFAEL: Parab√©ns ALN e sua turma. Lembrando que 4 meses √© a m√©dia visse @SantaCruzFC,,neu
"1,63906347062786E+018",@SantaCruzFC O Santa Cruz t√° lascado na m√£o de ALN,,neg
"1,63906328252591E+018",@SantaCruzFC Para time ruim n√£o existe t√©cnico bom.,,neg
"1,63906303301505E+018",@Ju_Eng_Teixeira @SantaCruzFC O Santa Cruz t√° lascado na m√£o desse ALN.,,neu
"1,63906139276957E+018","@ClubedoPorto, @Retrofcbrasil, @SantaCruzFC, @sportrecife e Torres. 

Confira: https://t.co/NckZ3a6g3a",,neu
"1,63905978082305E+018","RT @jeffers30071995: Enquanto o futuro do clube for decidido em um almo√ßo com conchavos sobre o lema de ""uni√£o"" onde as vaidades ficam acim‚Ä¶",,neg
"1,63905960150841E+018",RT @RMBRAFAEL: Parab√©ns ALN e sua turma. Lembrando que 4 meses √© a m√©dia visse @SantaCruzFC,,neu
"1,6390594277552E+018",@Ju_Eng_Teixeira @SantaCruzFC √â porque no Santa ainda se manda cartas e fax,,neg
"1,63905940047098E+018",RT @SantosSaymmon: @SantaCruzFC #FelipeConceicaoN√£o √â de uma puta irresponsabilidade afastar Ranielle Ribeiro para trazer Felipe Concei√ß√£o.‚Ä¶,,neg
"1,63905939529548E+018","RT @Ricardo58941071: @SantaCruzFC ALN e a diretoria amadora de futebol j√° ca√≠ram, ou est√° esperando Felipe concei√ß√£o para juntos fecharem a‚Ä¶",,neg
"1,63905865529858E+018",@tiaprinotwiter @amoracamisape @SantaCruzFC E a camisa do luto,,neg
"1,63905753239099E+018",@RMBRAFAEL @SantaCruzFC Pronto!! N√£o teremos calend√°rio e nem subiremos...,,neg
"1,63905745654118E+018","RT @SantaCruzFC: Informamos que, ap√≥s reuni√£o da diretoria, ficou definido que Ranielle Ribeiro n√£o √© mais o t√©cnico da equipe. Desejamos s‚Ä¶",,neu
"1,63905697217053E+018",RT @Gisely_Freitass: @SantaCruzFC ao menos uma not√≠cia boa no meio de tanta desgra√ßa,,pos
"1,63905674185694E+018",RT @SantaCruzFC: Renovado! O goleiro Michael renovou seu contrato com o Santa Cruz e vai defender o tricolor at√© o fim do estadual de 2024.‚Ä¶,,neu
"1,63905633675849E+018",Parab√©ns ALN e sua turma. Lembrando que 4 meses √© a m√©dia visse @SantaCruzFC https://t.co/6Aioun0w71,,pos
"1,6390558514777E+018",@SantaCruzFC FELIPE CONCEI√á√ÉO NAOOOOO,,neg
"1,63905473437078E+018",@Eamvd081 @SantaCruzFC devolvam meu rival üò≠,,neg
"1,63905391998375E+018",@BoscoCaminha @SantaCruzFC Que merda do carai ein?,,neg
"1,63905379677625E+018",@futnostalgico @SantaCruzFC Saudosa √©poca do Santa Cruz x Adidas.,,neu
"1,63905338991618E+018",RT @flmhugo: Saiu na r√°dio que a diretoria do @SantaCruzFC acabou de confirmar que Pipico atuar√° como jogador-treinador nos √∫ltimos 3 jogos‚Ä¶,,neu
"1,63905313306095E+018",Capit√£o pitomba disse que vai agir no @SantaCruzFC. üòÇ,,pos
